{"cameraMode":{"drawMode":0,"name":"Shaded","section":"Shading Mode"},"sceneLighting":true,"audioPlay":false,"sceneViewState":{"showFog":true,"showMaterialUpdate":false,"showSkybox":true,"showFlares":true,"showImageEffects":true,"showParticleSystems":true},"in2DMode":false,"pivot":{"x":-2.4719040393829347,"y":3.371598720550537,"z":-10.059416770935059},"rotation":{"x":0.3591269552707672,"y":0.4082925021648407,"z":-0.17882215976715089,"w":0.8199692964553833},"size":2.3012332916259767,"orthographic":false}